customer_job,cust_satisfaction_score
Retirees,3.0546857142857147
Businessman,3.0394152046783627
Selfemployed,3.0259561128526644
Govt,3.0103519061583577
White-collar,2.985529411764706
Blue-collar,2.9220454545454544
