{
  "kpis": {
    "total_revenue": 219850.96000000002,
    "total_interest": 93310.70999999999,
    "total_transaction_amount": 6284603.800000001,
    "total_annual_fees": 292504.0,
    "total_transaction_count": 14888,
    "num_rows_transactions": 5000,
    "num_rows_customers": 2000,
    "avg_satisfaction": 3.00775,
    "total_income": 266914223.02
  }
}